Workbook

Sheet Suivi
A1: GABARIT DE SUIVI LIVRAISONS — remplir les colonnes JAUNES ; les colonnes VERTES se calculent seules
A2: Jaune = à remplir (depuis export ERP/TMS + statut brut transporteur) • Vert = calculé automatiquement • Statuts : En cours / En retard / Incident / Livré / À vérifier
A4: N° commande | B4: Transporteur | C4: Lien tracking | D4: Date expédition | E4: Date livraison prévue | F4: Date livraison réelle | G4: Statut transporteur (brut) | H4: Statut normalisé | I4: Jours de retard | J4: Commentaire
A5: CMD-26754 | B5: SPD | C5: https://www.speed-distribution.fr/veolog?code=3016612090015FBL&tn=FR26754 | D5: 46213 | E5: 46218 | G5: En cours de livraison | H5: =IF($G5="","",IF(OR(ISNUMBER(SEARCH("incident",$G5)),ISNUMBER(SEARCH("anomalie",$G5)),ISNUMBER(SEARCH("avarie",$G5)),ISNUMBER(SEARCH("refus",$G5)),ISNUMBER(SEARCH("retour",$G5)),ISNUMBER(SEARCH("litige",$G5)),ISNUMBER(SEARCH("perdu",$G5)),ISNUMBER(SEARCH("endommag",$G5))),"Incident",IF(OR($F5<>"",ISNUMBER(SEARCH("livré",$G5)),ISNUMBER(SEARCH("livrée",$G5)),ISNUMBER(SEARCH("delivered",$G5)),ISNUMBER(SEARCH("remis",$G5))),"Livré",IF(AND($E5<>"",$E5<TODAY()),"En retard","En cours")))) | I5: =IF($H5="En retard",TODAY()-$E5,IF(AND($H5="Livré",$E5<>"",$F5<>"",$F5>$E5),$F5-$E5,0)) | J5: Exemple
A6: CMD-26760 | B6: SPD | C6: https://www.speed-distribution.fr/veolog?code=3016612090015FBL&tn=FR26760 | D6: 46214 | E6: 46219 | F6: 46219 | G6: Livré - signé | H6: =IF($G6="","",IF(OR(ISNUMBER(SEARCH("incident",$G6)),ISNUMBER(SEARCH("anomalie",$G6)),ISNUMBER(SEARCH("avarie",$G6)),ISNUMBER(SEARCH("refus",$G6)),ISNUMBER(SEARCH("retour",$G6)),ISNUMBER(SEARCH("litige",$G6)),ISNUMBER(SEARCH("perdu",$G6)),ISNUMBER(SEARCH("endommag",$G6))),"Incident",IF(OR($F6<>"",ISNUMBER(SEARCH("livré",$G6)),ISNUMBER(SEARCH("livrée",$G6)),ISNUMBER(SEARCH("delivered",$G6)),ISNUMBER(SEARCH("remis",$G6))),"Livré",IF(AND($E6<>"",$E6<TODAY()),"En retard","En cours")))) | I6: =IF($H6="En retard",TODAY()-$E6,IF(AND($H6="Livré",$E6<>"",$F6<>"",$F6>$E6),$F6-$E6,0)) | J6: Exemple
A7: CMD-JOY01 | B7: JOY | C7: https://eschenker.dbschenker.com/app/tracking-public/?refType=ShippersRefNo&refNumber=kUNmSwaPlEGMoX11x | D7: 46211 | E7: 46215 | G7: En transit | H7: =IF($G7="","",IF(OR(ISNUMBER(SEARCH("incident",$G7)),ISNUMBER(SEARCH("anomalie",$G7)),ISNUMBER(SEARCH("avarie",$G7)),ISNUMBER(SEARCH("refus",$G7)),ISNUMBER(SEARCH("retour",$G7)),ISNUMBER(SEARCH("litige",$G7)),ISNUMBER(SEARCH("perdu",$G7)),ISNUMBER(SEARCH("endommag",$G7))),"Incident",IF(OR($F7<>"",ISNUMBER(SEARCH("livré",$G7)),ISNUMBER(SEARCH("livrée",$G7)),ISNUMBER(SEARCH("delivered",$G7)),ISNUMBER(SEARCH("remis",$G7))),"Livré",IF(AND($E7<>"",$E7<TODAY()),"En retard","En cours")))) | I7: =IF($H7="En retard",TODAY()-$E7,IF(AND($H7="Livré",$E7<>"",$F7<>"",$F7>$E7),$F7-$E7,0)) | J7: Exemple (en retard)
A8: CMD-HEP01 | B8: HEP | C8: https://myportal.heppner-group.com/tracking/UOEyNjE3MyYzMzEyMCZGUg%3D%3D | D8: 46208 | E8: 46213 | G8: Anomalie - retour dépôt | H8: =IF($G8="","",IF(OR(ISNUMBER(SEARCH("incident",$G8)),ISNUMBER(SEARCH("anomalie",$G8)),ISNUMBER(SEARCH("avarie",$G8)),ISNUMBER(SEARCH("refus",$G8)),ISNUMBER(SEARCH("retour",$G8)),ISNUMBER(SEARCH("litige",$G8)),ISNUMBER(SEARCH("perdu",$G8)),ISNUMBER(SEARCH("endommag",$G8))),"Incident",IF(OR($F8<>"",ISNUMBER(SEARCH("livré",$G8)),ISNUMBER(SEARCH("livrée",$G8)),ISNUMBER(SEARCH("delivered",$G8)),ISNUMBER(SEARCH("remis",$G8))),"Livré",IF(AND($E8<>"",$E8<TODAY()),"En retard","En cours")))) | I8: =IF($H8="En retard",TODAY()-$E8,IF(AND($H8="Livré",$E8<>"",$F8<>"",$F8>$E8),$F8-$E8,0)) | J8: Exemple (incident)
A9: CMD-VCV01 | B9: VCV | C9: http://vcv.teliway.com/suivicolis-...&sReference=sn6s4YkQQOVOaojZp | D9: 46212 | E9: 46216 | G9: En cours d'acheminement | H9: =IF($G9="","",IF(OR(ISNUMBER(SEARCH("incident",$G9)),ISNUMBER(SEARCH("anomalie",$G9)),ISNUMBER(SEARCH("avarie",$G9)),ISNUMBER(SEARCH("refus",$G9)),ISNUMBER(SEARCH("retour",$G9)),ISNUMBER(SEARCH("litige",$G9)),ISNUMBER(SEARCH("perdu",$G9)),ISNUMBER(SEARCH("endommag",$G9))),"Incident",IF(OR($F9<>"",ISNUMBER(SEARCH("livré",$G9)),ISNUMBER(SEARCH("livrée",$G9)),ISNUMBER(SEARCH("delivered",$G9)),ISNUMBER(SEARCH("remis",$G9))),"Livré",IF(AND($E9<>"",$E9<TODAY()),"En retard","En cours")))) | I9: =IF($H9="En retard",TODAY()-$E9,IF(AND($H9="Livré",$E9<>"",$F9<>"",$F9>$E9),$F9-$E9,0)) | J9: Exemple
H10: =IF($G10="","",IF(OR(ISNUMBER(SEARCH("incident",$G10)),ISNUMBER(SEARCH("anomalie",$G10)),ISNUMBER(SEARCH("avarie",$G10)),ISNUMBER(SEARCH("refus",$G10)),ISNUMBER(SEARCH("retour",$G10)),ISNUMBER(SEARCH("litige",$G10)),ISNUMBER(SEARCH("perdu",$G10)),ISNUMBER(SEARCH("endommag",$G10))),"Incident",IF(OR($F10<>"",ISNUMBER(SEARCH("livré",$G10)),ISNUMBER(SEARCH("livrée",$G10)),ISNUMBER(SEARCH("delivered",$G10)),ISNUMBER(SEARCH("remis",$G10))),"Livré",IF(AND($E10<>"",$E10<TODAY()),"En retard","En cours")))) | I10: =IF($H10="En retard",TODAY()-$E10,IF(AND($H10="Livré",$E10<>"",$F10<>"",$F10>$E10),$F10-$E10,0))
H11: =IF($G11="","",IF(OR(ISNUMBER(SEARCH("incident",$G11)),ISNUMBER(SEARCH("anomalie",$G11)),ISNUMBER(SEARCH("avarie",$G11)),ISNUMBER(SEARCH("refus",$G11)),ISNUMBER(SEARCH("retour",$G11)),ISNUMBER(SEARCH("litige",$G11)),ISNUMBER(SEARCH("perdu",$G11)),ISNUMBER(SEARCH("endommag",$G11))),"Incident",IF(OR($F11<>"",ISNUMBER(SEARCH("livré",$G11)),ISNUMBER(SEARCH("livrée",$G11)),ISNUMBER(SEARCH("delivered",$G11)),ISNUMBER(SEARCH("remis",$G11))),"Livré",IF(AND($E11<>"",$E11<TODAY()),"En retard","En cours")))) | I11: =IF($H11="En retard",TODAY()-$E11,IF(AND($H11="Livré",$E11<>"",$F11<>"",$F11>$E11),$F11-$E11,0))
H12: =IF($G12="","",IF(OR(ISNUMBER(SEARCH("incident",$G12)),ISNUMBER(SEARCH("anomalie",$G12)),ISNUMBER(SEARCH("avarie",$G12)),ISNUMBER(SEARCH("refus",$G12)),ISNUMBER(SEARCH("retour",$G12)),ISNUMBER(SEARCH("litige",$G12)),ISNUMBER(SEARCH("perdu",$G12)),ISNUMBER(SEARCH("endommag",$G12))),"Incident",IF(OR($F12<>"",ISNUMBER(SEARCH("livré",$G12)),ISNUMBER(SEARCH("livrée",$G12)),ISNUMBER(SEARCH("delivered",$G12)),ISNUMBER(SEARCH("remis",$G12))),"Livré",IF(AND($E12<>"",$E12<TODAY()),"En retard","En cours")))) | I12: =IF($H12="En retard",TODAY()-$E12,IF(AND($H12="Livré",$E12<>"",$F12<>"",$F12>$E12),$F12-$E12,0))
H13: =IF($G13="","",IF(OR(ISNUMBER(SEARCH("incident",$G13)),ISNUMBER(SEARCH("anomalie",$G13)),ISNUMBER(SEARCH("avarie",$G13)),ISNUMBER(SEARCH("refus",$G13)),ISNUMBER(SEARCH("retour",$G13)),ISNUMBER(SEARCH("litige",$G13)),ISNUMBER(SEARCH("perdu",$G13)),ISNUMBER(SEARCH("endommag",$G13))),"Incident",IF(OR($F13<>"",ISNUMBER(SEARCH("livré",$G13)),ISNUMBER(SEARCH("livrée",$G13)),ISNUMBER(SEARCH("delivered",$G13)),ISNUMBER(SEARCH("remis",$G13))),"Livré",IF(AND($E13<>"",$E13<TODAY()),"En retard","En cours")))) | I13: =IF($H13="En retard",TODAY()-$E13,IF(AND($H13="Livré",$E13<>"",$F13<>"",$F13>$E13),$F13-$E13,0))
H14: =IF($G14="","",IF(OR(ISNUMBER(SEARCH("incident",$G14)),ISNUMBER(SEARCH("anomalie",$G14)),ISNUMBER(SEARCH("avarie",$G14)),ISNUMBER(SEARCH("refus",$G14)),ISNUMBER(SEARCH("retour",$G14)),ISNUMBER(SEARCH("litige",$G14)),ISNUMBER(SEARCH("perdu",$G14)),ISNUMBER(SEARCH("endommag",$G14))),"Incident",IF(OR($F14<>"",ISNUMBER(SEARCH("livré",$G14)),ISNUMBER(SEARCH("livrée",$G14)),ISNUMBER(SEARCH("delivered",$G14)),ISNUMBER(SEARCH("remis",$G14))),"Livré",IF(AND($E14<>"",$E14<TODAY()),"En retard","En cours")))) | I14: =IF($H14="En retard",TODAY()-$E14,IF(AND($H14="Livré",$E14<>"",$F14<>"",$F14>$E14),$F14-$E14,0))
H15: =IF($G15="","",IF(OR(ISNUMBER(SEARCH("incident",$G15)),ISNUMBER(SEARCH("anomalie",$G15)),ISNUMBER(SEARCH("avarie",$G15)),ISNUMBER(SEARCH("refus",$G15)),ISNUMBER(SEARCH("retour",$G15)),ISNUMBER(SEARCH("litige",$G15)),ISNUMBER(SEARCH("perdu",$G15)),ISNUMBER(SEARCH("endommag",$G15))),"Incident",IF(OR($F15<>"",ISNUMBER(SEARCH("livré",$G15)),ISNUMBER(SEARCH("livrée",$G15)),ISNUMBER(SEARCH("delivered",$G15)),ISNUMBER(SEARCH("remis",$G15))),"Livré",IF(AND($E15<>"",$E15<TODAY()),"En retard","En cours")))) | I15: =IF($H15="En retard",TODAY()-$E15,IF(AND($H15="Livré",$E15<>"",$F15<>"",$F15>$E15),$F15-$E15,0))
H16: =IF($G16="","",IF(OR(ISNUMBER(SEARCH("incident",$G16)),ISNUMBER(SEARCH("anomalie",$G16)),ISNUMBER(SEARCH("avarie",$G16)),ISNUMBER(SEARCH("refus",$G16)),ISNUMBER(SEARCH("retour",$G16)),ISNUMBER(SEARCH("litige",$G16)),ISNUMBER(SEARCH("perdu",$G16)),ISNUMBER(SEARCH("endommag",$G16))),"Incident",IF(OR($F16<>"",ISNUMBER(SEARCH("livré",$G16)),ISNUMBER(SEARCH("livrée",$G16)),ISNUMBER(SEARCH("delivered",$G16)),ISNUMBER(SEARCH("remis",$G16))),"Livré",IF(AND($E16<>"",$E16<TODAY()),"En retard","En cours")))) | I16: =IF($H16="En retard",TODAY()-$E16,IF(AND($H16="Livré",$E16<>"",$F16<>"",$F16>$E16),$F16-$E16,0))
H17: =IF($G17="","",IF(OR(ISNUMBER(SEARCH("incident",$G17)),ISNUMBER(SEARCH("anomalie",$G17)),ISNUMBER(SEARCH("avarie",$G17)),ISNUMBER(SEARCH("refus",$G17)),ISNUMBER(SEARCH("retour",$G17)),ISNUMBER(SEARCH("litige",$G17)),ISNUMBER(SEARCH("perdu",$G17)),ISNUMBER(SEARCH("endommag",$G17))),"Incident",IF(OR($F17<>"",ISNUMBER(SEARCH("livré",$G17)),ISNUMBER(SEARCH("livrée",$G17)),ISNUMBER(SEARCH("delivered",$G17)),ISNUMBER(SEARCH("remis",$G17))),"Livré",IF(AND($E17<>"",$E17<TODAY()),"En retard","En cours")))) | I17: =IF($H17="En retard",TODAY()-$E17,IF(AND($H17="Livré",$E17<>"",$F17<>"",$F17>$E17),$F17-$E17,0))
H18: =IF($G18="","",IF(OR(ISNUMBER(SEARCH("incident",$G18)),ISNUMBER(SEARCH("anomalie",$G18)),ISNUMBER(SEARCH("avarie",$G18)),ISNUMBER(SEARCH("refus",$G18)),ISNUMBER(SEARCH("retour",$G18)),ISNUMBER(SEARCH("litige",$G18)),ISNUMBER(SEARCH("perdu",$G18)),ISNUMBER(SEARCH("endommag",$G18))),"Incident",IF(OR($F18<>"",ISNUMBER(SEARCH("livré",$G18)),ISNUMBER(SEARCH("livrée",$G18)),ISNUMBER(SEARCH("delivered",$G18)),ISNUMBER(SEARCH("remis",$G18))),"Livré",IF(AND($E18<>"",$E18<TODAY()),"En retard","En cours")))) | I18: =IF($H18="En retard",TODAY()-$E18,IF(AND($H18="Livré",$E18<>"",$F18<>"",$F18>$E18),$F18-$E18,0))
H19: =IF($G19="","",IF(OR(ISNUMBER(SEARCH("incident",$G19)),ISNUMBER(SEARCH("anomalie",$G19)),ISNUMBER(SEARCH("avarie",$G19)),ISNUMBER(SEARCH("refus",$G19)),ISNUMBER(SEARCH("retour",$G19)),ISNUMBER(SEARCH("litige",$G19)),ISNUMBER(SEARCH("perdu",$G19)),ISNUMBER(SEARCH("endommag",$G19))),"Incident",IF(OR($F19<>"",ISNUMBER(SEARCH("livré",$G19)),ISNUMBER(SEARCH("livrée",$G19)),ISNUMBER(SEARCH("delivered",$G19)),ISNUMBER(SEARCH("remis",$G19))),"Livré",IF(AND($E19<>"",$E19<TODAY()),"En retard","En cours")))) | I19: =IF($H19="En retard",TODAY()-$E19,IF(AND($H19="Livré",$E19<>"",$F19<>"",$F19>$E19),$F19-$E19,0))
H20: =IF($G20="","",IF(OR(ISNUMBER(SEARCH("incident",$G20)),ISNUMBER(SEARCH("anomalie",$G20)),ISNUMBER(SEARCH("avarie",$G20)),ISNUMBER(SEARCH("refus",$G20)),ISNUMBER(SEARCH("retour",$G20)),ISNUMBER(SEARCH("litige",$G20)),ISNUMBER(SEARCH("perdu",$G20)),ISNUMBER(SEARCH("endommag",$G20))),"Incident",IF(OR($F20<>"",ISNUMBER(SEARCH("livré",$G20)),ISNUMBER(SEARCH("livrée",$G20)),ISNUMBER(SEARCH("delivered",$G20)),ISNUMBER(SEARCH("remis",$G20))),"Livré",IF(AND($E20<>"",$E20<TODAY()),"En retard","En cours")))) | I20: =IF($H20="En retard",TODAY()-$E20,IF(AND($H20="Livré",$E20<>"",$F20<>"",$F20>$E20),$F20-$E20,0))
H21: =IF($G21="","",IF(OR(ISNUMBER(SEARCH("incident",$G21)),ISNUMBER(SEARCH("anomalie",$G21)),ISNUMBER(SEARCH("avarie",$G21)),ISNUMBER(SEARCH("refus",$G21)),ISNUMBER(SEARCH("retour",$G21)),ISNUMBER(SEARCH("litige",$G21)),ISNUMBER(SEARCH("perdu",$G21)),ISNUMBER(SEARCH("endommag",$G21))),"Incident",IF(OR($F21<>"",ISNUMBER(SEARCH("livré",$G21)),ISNUMBER(SEARCH("livrée",$G21)),ISNUMBER(SEARCH("delivered",$G21)),ISNUMBER(SEARCH("remis",$G21))),"Livré",IF(AND($E21<>"",$E21<TODAY()),"En retard","En cours")))) | I21: =IF($H21="En retard",TODAY()-$E21,IF(AND($H21="Livré",$E21<>"",$F21<>"",$F21>$E21),$F21-$E21,0))
... H65: =IF($G65="","",IF(OR(ISNUMBER(SEARCH("incident",$G65)),ISNUMBER(SEARCH("anomalie",$G65)),ISNUMBER(SEARCH("avarie",$G65)),ISNUMBER(SEARCH("refus",$G65)),ISNUMBER(SEARCH("retour",$G65)),ISNUMBER(SEARCH("litige",$G65)),ISNUMBER(SEARCH("perdu",$G65)),ISNUMBER(SEARCH("endommag",$G65))),"Incident",IF(OR($F65<>"",ISNUMBER(SEARCH("livré",$G65)),ISNUMBER(SEARCH("livrée",$G65)),ISNUMBER(SEARCH("delivered",$G65)),ISNUMBER(SEARCH("remis",$G65))),"Livré",IF(AND($E65<>"",$E65<TODAY()),"En retard","En cours")))) | I65: =IF($H65="En retard",TODAY()-$E65,IF(AND($H65="Livré",$E65<>"",$F65<>"",$F65>$E65),$F65-$E65,0))

Sheet Dashboard
B2: TABLEAU DE BORD LIVRAISONS
B3: =CONCATENATE("Mis à jour le ",TEXT(TODAY(),"dd/mm/yyyy"))
B5: Total commandes | E5: En cours | H5: En retard
B6: =COUNTA(Suivi!$A$5:$A$65) | E6: =COUNTIF(Suivi!$H$5:$H$65,"En cours") | H6: =COUNTIF(Suivi!$H$5:$H$65,"En retard")
B9: Incident | E9: Livré | H9: À vérifier
B10: =COUNTIF(Suivi!$H$5:$H$65,"Incident") | E10: =COUNTIF(Suivi!$H$5:$H$65,"Livré") | H10: =COUNTIF(Suivi!$H$5:$H$65,"À vérifier")
B14: Répartition par statut
B15: En cours | C15: =COUNTIF(Suivi!$H$5:$H$65,"En cours")
B16: En retard | C16: =COUNTIF(Suivi!$H$5:$H$65,"En retard")
B17: Incident | C17: =COUNTIF(Suivi!$H$5:$H$65,"Incident")
B18: Livré | C18: =COUNTIF(Suivi!$H$5:$H$65,"Livré")
B19: À vérifier | C19: =COUNTIF(Suivi!$H$5:$H$65,"À vérifier")
